{
  "generator-jhipster": {
    "applicationType": "gateway",
    "authenticationType": "jwt",
    "baseName": "jhipsterSampleApplication",
    "blueprints": [],
    "buildTool": "maven",
    "cacheProvider": "redis",
    "clientFramework": "angular",
    "clientPackageManager": "npm",
    "creationTimestamp": 1745037610620,
    "databaseType": "sql",
    "devDatabaseType": "mysql",
    "enableHibernateCache": true,
    "enableSwaggerCodegen": false,
    "enableTranslation": true,
    "entities": [],
    "gitCompany": "",
    "iaCTools": ["bicep", "terraform"],
    "jhiPrefix": "jhi",
    "jhipsterVersion": "8.10.0",
    "jwtSecretKey": "ZTUyYzIzOWY5Y2JhZDNkNzNiN2QwNjFhMTRlY2FiN2EwODI5MGEyZmQzOTU3ZWRiYWE2NjlkNTk1ZmIxNWFiNGYxZGZiODM1OTFlMzhiODllZWQ2ZmU2YTJmYjVjNjI4ZjA0M2IyNDZhM2QzNDQ3MWQwODM2NDYxNmQ1YzdhNjE=",
    "languages": ["en", "vi"],
    "messageBroker": false,
    "nativeLanguage": "en",
    "packageFolder": "com/mycompany/myapp",
    "packageName": "com.mycompany.myapp",
    "prodDatabaseType": "mysql",
    "reactive": true,
    "searchEngine": "elasticsearch",
    "serverPort": 8080,
    "serviceDiscoveryType": "consul",
    "testFrameworks": ["gatling"],
    "useSass": true,
    "websocket": false,
    "withAdminUi": true
  }
}
